combination_name,method,kernel,kernel_params,features,n_features,baseline_accuracy,optimized_accuracy,improvement,improvement_percent,training_data
best_12feat,top_k_features,rbf,"{'svm__C': 10, 'svm__gamma': 0.1}","nn_count, pnn20, hf_power, lf_hf_ratio, lf_norm, hf_norm",6,0.6875,0.7204545454545455,0.03295454545454546,3.295454545454546,"{'X': array([[ 39.        ,  44.73684211, 314.97860855,   0.9644384 ,
         49.09486602,  50.90513398],
       [ 38.        ,  40.54054054, 281.55240584,   0.61535895,
         38.09425456,  61.90574544],
       [ 38.        ,  40.54054054, 282.76428059,   0.52009741,
         34.21474232,  65.78525768],
       ...,
       [ 49.        ,  41.66666667, 174.13632335,   0.9054255 ,
         47.51828393,  52.48171607],
       [ 49.        ,  43.75      , 194.53853819,   0.69586594,
         41.03307479,  58.96692521],
       [ 49.        ,  43.75      , 210.63334957,   0.50898664,
         33.73036083,  66.26963917]]), 'y': array([1, 1, 1, 1, 1, 1, 1, 1, 1, 1, 1, 0, 0, 0, 0, 0, 0, 0, 0, 0, 0, 0,
       1, 1, 1, 1, 1, 1, 1, 1, 1, 1, 1, 0, 0, 0, 0, 0, 0, 0, 0, 0, 0, 0,
       1, 1, 1, 1, 1, 1, 1, 1, 1, 1, 1, 0, 0, 0, 0, 0, 0, 0, 0, 0, 0, 0,
       1, 1, 1, 1, 1, 1, 1, 1, 1, 1, 1, 0, 0, 0, 0, 0, 0, 0, 0, 0, 0, 0,
       1, 1, 1, 1, 1, 1, 1, 1, 1, 1, 1, 0, 0, 0, 0, 0, 0, 0, 0, 0, 0, 0,
       1, 1, 1, 1, 1, 1, 1, 1, 1, 1, 1, 0, 0, 0, 0, 0, 0, 0, 0, 0, 0, 0,
       1, 1, 1, 1, 1, 1, 1, 1, 1, 1, 1, 0, 0, 0, 0, 0, 0, 0, 0, 0, 0, 0,
       1, 1, 1, 1, 1, 1, 1, 1, 1, 1, 1, 0, 0, 0, 0, 0, 0, 0, 0, 0, 0, 0,
       1, 1, 1, 1, 1, 1, 1, 1, 1, 1, 1, 0, 0, 0, 0, 0, 0, 0, 0, 0, 0, 0,
       1, 1, 1, 1, 1, 1, 1, 1, 1, 1, 1, 0, 0, 0, 0, 0, 0, 0, 0, 0, 0, 0,
       1, 1, 1, 1, 1, 1, 1, 1, 1, 1, 1, 0, 0, 0, 0, 0, 0, 0, 0, 0, 0, 0,
       1, 1, 1, 1, 1, 1, 1, 1, 1, 1, 1, 0, 0, 0, 0, 0, 0, 0, 0, 0, 0, 0,
       1, 1, 1, 1, 1, 1, 1, 1, 1, 1, 1, 0, 0, 0, 0, 0, 0, 0, 0, 0, 0, 0,
       1, 1, 1, 1, 1, 1, 1, 1, 1, 1, 1, 0, 0, 0, 0, 0, 0, 0, 0, 0, 0, 0,
       1, 1, 1, 1, 1, 1, 1, 1, 1, 1, 1, 0, 0, 0, 0, 0, 0, 0, 0, 0, 0, 0,
       1, 1, 1, 1, 1, 1, 1, 1, 1, 1, 1, 0, 0, 0, 0, 0, 0, 0, 0, 0, 0, 0,
       1, 1, 1, 1, 1, 1, 1, 1, 1, 1, 1, 0, 0, 0, 0, 0, 0, 0, 0, 0, 0, 0,
       1, 1, 1, 1, 1, 1, 1, 1, 1, 1, 1, 0, 0, 0, 0, 0, 0, 0, 0, 0, 0, 0,
       1, 1, 1, 1, 1, 1, 1, 1, 1, 1, 1, 0, 0, 0, 0, 0, 0, 0, 0, 0, 0, 0,
       1, 1, 1, 1, 1, 1, 1, 1, 1, 1, 1, 0, 0, 0, 0, 0, 0, 0, 0, 0, 0, 0,
       1, 1, 1, 1, 1, 1, 1, 1, 1, 1, 1, 0, 0, 0, 0, 0, 0, 0, 0, 0, 0, 0,
       1, 1, 1, 1, 1, 1, 1, 1, 1, 1, 1, 0, 0, 0, 0, 0, 0, 0, 0, 0, 0, 0,
       1, 1, 1, 1, 1, 1, 1, 1, 1, 1, 1, 0, 0, 0, 0, 0, 0, 0, 0, 0, 0, 0,
       1, 1, 1, 1, 1, 1, 1, 1, 1, 1, 1, 0, 0, 0, 0, 0, 0, 0, 0, 0, 0, 0,
       1, 1, 1, 1, 1, 1, 1, 1, 1, 1, 1, 0, 0, 0, 0, 0, 0, 0, 0, 0, 0, 0,
       1, 1, 1, 1, 1, 1, 1, 1, 1, 1, 1, 0, 0, 0, 0, 0, 0, 0, 0, 0, 0, 0,
       1, 1, 1, 1, 1, 1, 1, 1, 1, 1, 1, 0, 0, 0, 0, 0, 0, 0, 0, 0, 0, 0,
       1, 1, 1, 1, 1, 1, 1, 1, 1, 1, 1, 0, 0, 0, 0, 0, 0, 0, 0, 0, 0, 0,
       1, 1, 1, 1, 1, 1, 1, 1, 1, 1, 1, 0, 0, 0, 0, 0, 0, 0, 0, 0, 0, 0,
       1, 1, 1, 1, 1, 1, 1, 1, 1, 1, 1, 0, 0, 0, 0, 0, 0, 0, 0, 0, 0, 0,
       1, 1, 1, 1, 1, 1, 1, 1, 1, 1, 1, 0, 0, 0, 0, 0, 0, 0, 0, 0, 0, 0,
       1, 1, 1, 1, 1, 1, 1, 1, 1, 1, 1, 0, 0, 0, 0, 0, 0, 0, 0, 0, 0, 0,
       1, 1, 1, 1, 1, 1, 1, 1, 1, 1, 1, 0, 0, 0, 0, 0, 0, 0, 0, 0, 0, 0,
       1, 1, 1, 1, 1, 1, 1, 1, 1, 1, 1, 0, 0, 0, 0, 0, 0, 0, 0, 0, 0, 0,
       1, 1, 1, 1, 1, 1, 1, 1, 1, 1, 1, 0, 0, 0, 0, 0, 0, 0, 0, 0, 0, 0,
       1, 1, 1, 1, 1, 1, 1, 1, 1, 1, 1, 0, 0, 0, 0, 0, 0, 0, 0, 0, 0, 0,
       1, 1, 1, 1, 1, 1, 1, 1, 1, 1, 1, 0, 0, 0, 0, 0, 0, 0, 0, 0, 0, 0,
       1, 1, 1, 1, 1, 1, 1, 1, 1, 1, 1, 0, 0, 0, 0, 0, 0, 0, 0, 0, 0, 0,
       1, 1, 1, 1, 1, 1, 1, 1, 1, 1, 1, 0, 0, 0, 0, 0, 0, 0, 0, 0, 0, 0,
       1, 1, 1, 1, 1, 1, 1, 1, 1, 1, 1, 0, 0, 0, 0, 0, 0, 0, 0, 0, 0, 0],
      dtype=int64), 'groups': array(['bayu', 'bayu', 'bayu', 'bayu', 'bayu', 'bayu', 'bayu', 'bayu',
       'bayu', 'bayu', 'bayu', 'bayu', 'bayu', 'bayu', 'bayu', 'bayu',
       'bayu', 'bayu', 'bayu', 'bayu', 'bayu', 'bayu', 'bayu', 'bayu',
       'bayu', 'bayu', 'bayu', 'bayu', 'bayu', 'bayu', 'bayu', 'bayu',
       'bayu', 'bayu', 'bayu', 'bayu', 'bayu', 'bayu', 'bayu', 'bayu',
       'bayu', 'bayu', 'bayu', 'bayu', 'bayu', 'bayu', 'bayu', 'bayu',
       'bayu', 'bayu', 'bayu', 'bayu', 'bayu', 'bayu', 'bayu', 'bayu',
       'bayu', 'bayu', 'bayu', 'bayu', 'bayu', 'bayu', 'bayu', 'bayu',
       'bayu', 'bayu', 'bayu', 'bayu', 'bayu', 'bayu', 'bayu', 'bayu',
       'bayu', 'bayu', 'bayu', 'bayu', 'bayu', 'bayu', 'bayu', 'bayu',
       'bayu', 'bayu', 'bayu', 'bayu', 'bayu', 'bayu', 'bayu', 'bayu',
       'desta', 'desta', 'desta', 'desta', 'desta', 'desta', 'desta',
       'desta', 'desta', 'desta', 'desta', 'desta', 'desta', 'desta',
       'desta', 'desta', 'desta', 'desta', 'desta', 'desta', 'desta',
       'desta', 'desta', 'desta', 'desta', 'desta', 'desta', 'desta',
       'desta', 'desta', 'desta', 'desta', 'desta', 'desta', 'desta',
       'desta', 'desta', 'desta', 'desta', 'desta', 'desta', 'desta',
       'desta', 'desta', 'desta', 'desta', 'desta', 'desta', 'desta',
       'desta', 'desta', 'desta', 'desta', 'desta', 'desta', 'desta',
       'desta', 'desta', 'desta', 'desta', 'desta', 'desta', 'desta',
       'desta', 'desta', 'desta', 'desta', 'desta', 'desta', 'desta',
       'desta', 'desta', 'desta', 'desta', 'desta', 'desta', 'desta',
       'desta', 'desta', 'desta', 'desta', 'desta', 'desta', 'desta',
       'desta', 'desta', 'desta', 'desta', 'dewi', 'dewi', 'dewi', 'dewi',
       'dewi', 'dewi', 'dewi', 'dewi', 'dewi', 'dewi', 'dewi', 'dewi',
       'dewi', 'dewi', 'dewi', 'dewi', 'dewi', 'dewi', 'dewi', 'dewi',
       'dewi', 'dewi', 'dewi', 'dewi', 'dewi', 'dewi', 'dewi', 'dewi',
       'dewi', 'dewi', 'dewi', 'dewi', 'dewi', 'dewi', 'dewi', 'dewi',
       'dewi', 'dewi', 'dewi', 'dewi', 'dewi', 'dewi', 'dewi', 'dewi',
       'dewi', 'dewi', 'dewi', 'dewi', 'dewi', 'dewi', 'dewi', 'dewi',
       'dewi', 'dewi', 'dewi', 'dewi', 'dewi', 'dewi', 'dewi', 'dewi',
       'dewi', 'dewi', 'dewi', 'dewi', 'dewi', 'dewi', 'dewi', 'dewi',
       'dewi', 'dewi', 'dewi', 'dewi', 'dewi', 'dewi', 'dewi', 'dewi',
       'dewi', 'dewi', 'dewi', 'dewi', 'dewi', 'dewi', 'dewi', 'dewi',
       'dewi', 'dewi', 'dewi', 'dewi', 'esty', 'esty', 'esty', 'esty',
       'esty', 'esty', 'esty', 'esty', 'esty', 'esty', 'esty', 'esty',
       'esty', 'esty', 'esty', 'esty', 'esty', 'esty', 'esty', 'esty',
       'esty', 'esty', 'esty', 'esty', 'esty', 'esty', 'esty', 'esty',
       'esty', 'esty', 'esty', 'esty', 'esty', 'esty', 'esty', 'esty',
       'esty', 'esty', 'esty', 'esty', 'esty', 'esty', 'esty', 'esty',
       'esty', 'esty', 'esty', 'esty', 'esty', 'esty', 'esty', 'esty',
       'esty', 'esty', 'esty', 'esty', 'esty', 'esty', 'esty', 'esty',
       'esty', 'esty', 'esty', 'esty', 'esty', 'esty', 'esty', 'esty',
       'esty', 'esty', 'esty', 'esty', 'esty', 'esty', 'esty', 'esty',
       'esty', 'esty', 'esty', 'esty', 'esty', 'esty', 'esty', 'esty',
       'esty', 'esty', 'esty', 'esty', 'hilmi', 'hilmi', 'hilmi', 'hilmi',
       'hilmi', 'hilmi', 'hilmi', 'hilmi', 'hilmi', 'hilmi', 'hilmi',
       'hilmi', 'hilmi', 'hilmi', 'hilmi', 'hilmi', 'hilmi', 'hilmi',
       'hilmi', 'hilmi', 'hilmi', 'hilmi', 'hilmi', 'hilmi', 'hilmi',
       'hilmi', 'hilmi', 'hilmi', 'hilmi', 'hilmi', 'hilmi', 'hilmi',
       'hilmi', 'hilmi', 'hilmi', 'hilmi', 'hilmi', 'hilmi', 'hilmi',
       'hilmi', 'hilmi', 'hilmi', 'hilmi', 'hilmi', 'hilmi', 'hilmi',
       'hilmi', 'hilmi', 'hilmi', 'hilmi', 'hilmi', 'hilmi', 'hilmi',
       'hilmi', 'hilmi', 'hilmi', 'hilmi', 'hilmi', 'hilmi', 'hilmi',
       'hilmi', 'hilmi', 'hilmi', 'hilmi', 'hilmi', 'hilmi', 'hilmi',
       'hilmi', 'hilmi', 'hilmi', 'hilmi', 'hilmi', 'hilmi', 'hilmi',
       'hilmi', 'hilmi', 'hilmi', 'hilmi', 'hilmi', 'hilmi', 'hilmi',
       'hilmi', 'hilmi', 'hilmi', 'hilmi', 'hilmi', 'hilmi', 'hilmi',
       'irsyad', 'irsyad', 'irsyad', 'irsyad', 'irsyad', 'irsyad',
       'irsyad', 'irsyad', 'irsyad', 'irsyad', 'irsyad', 'irsyad',
       'irsyad', 'irsyad', 'irsyad', 'irsyad', 'irsyad', 'irsyad',
       'irsyad', 'irsyad', 'irsyad', 'irsyad', 'irsyad', 'irsyad',
       'irsyad', 'irsyad', 'irsyad', 'irsyad', 'irsyad', 'irsyad',
       'irsyad', 'irsyad', 'irsyad', 'irsyad', 'irsyad', 'irsyad',
       'irsyad', 'irsyad', 'irsyad', 'irsyad', 'irsyad', 'irsyad',
       'irsyad', 'irsyad', 'irsyad', 'irsyad', 'irsyad', 'irsyad',
       'irsyad', 'irsyad', 'irsyad', 'irsyad', 'irsyad', 'irsyad',
       'irsyad', 'irsyad', 'irsyad', 'irsyad', 'irsyad', 'irsyad',
       'irsyad', 'irsyad', 'irsyad', 'irsyad', 'irsyad', 'irsyad',
       'irsyad', 'irsyad', 'irsyad', 'irsyad', 'irsyad', 'irsyad',
       'irsyad', 'irsyad', 'irsyad', 'irsyad', 'irsyad', 'irsyad',
       'irsyad', 'irsyad', 'irsyad', 'irsyad', 'irsyad', 'irsyad',
       'irsyad', 'irsyad', 'irsyad', 'irsyad', 'jovita', 'jovita',
       'jovita', 'jovita', 'jovita', 'jovita', 'jovita', 'jovita',
       'jovita', 'jovita', 'jovita', 'jovita', 'jovita', 'jovita',
       'jovita', 'jovita', 'jovita', 'jovita', 'jovita', 'jovita',
       'jovita', 'jovita', 'jovita', 'jovita', 'jovita', 'jovita',
       'jovita', 'jovita', 'jovita', 'jovita', 'jovita', 'jovita',
       'jovita', 'jovita', 'jovita', 'jovita', 'jovita', 'jovita',
       'jovita', 'jovita', 'jovita', 'jovita', 'jovita', 'jovita',
       'jovita', 'jovita', 'jovita', 'jovita', 'jovita', 'jovita',
       'jovita', 'jovita', 'jovita', 'jovita', 'jovita', 'jovita',
       'jovita', 'jovita', 'jovita', 'jovita', 'jovita', 'jovita',
       'jovita', 'jovita', 'jovita', 'jovita', 'jovita', 'jovita',
       'jovita', 'jovita', 'jovita', 'jovita', 'jovita', 'jovita',
       'jovita', 'jovita', 'jovita', 'jovita', 'jovita', 'jovita',
       'jovita', 'jovita', 'jovita', 'jovita', 'jovita', 'jovita',
       'jovita', 'jovita', 'nathan', 'nathan', 'nathan', 'nathan',
       'nathan', 'nathan', 'nathan', 'nathan', 'nathan', 'nathan',
       'nathan', 'nathan', 'nathan', 'nathan', 'nathan', 'nathan',
       'nathan', 'nathan', 'nathan', 'nathan', 'nathan', 'nathan',
       'nathan', 'nathan', 'nathan', 'nathan', 'nathan', 'nathan',
       'nathan', 'nathan', 'nathan', 'nathan', 'nathan', 'nathan',
       'nathan', 'nathan', 'nathan', 'nathan', 'nathan', 'nathan',
       'nathan', 'nathan', 'nathan', 'nathan', 'nathan', 'nathan',
       'nathan', 'nathan', 'nathan', 'nathan', 'nathan', 'nathan',
       'nathan', 'nathan', 'nathan', 'nathan', 'nathan', 'nathan',
       'nathan', 'nathan', 'nathan', 'nathan', 'nathan', 'nathan',
       'nathan', 'nathan', 'nathan', 'nathan', 'nathan', 'nathan',
       'nathan', 'nathan', 'nathan', 'nathan', 'nathan', 'nathan',
       'nathan', 'nathan', 'nathan', 'nathan', 'nathan', 'nathan',
       'nathan', 'nathan', 'nathan', 'nathan', 'nathan', 'nathan',
       'prayogi', 'prayogi', 'prayogi', 'prayogi', 'prayogi', 'prayogi',
       'prayogi', 'prayogi', 'prayogi', 'prayogi', 'prayogi', 'prayogi',
       'prayogi', 'prayogi', 'prayogi', 'prayogi', 'prayogi', 'prayogi',
       'prayogi', 'prayogi', 'prayogi', 'prayogi', 'prayogi', 'prayogi',
       'prayogi', 'prayogi', 'prayogi', 'prayogi', 'prayogi', 'prayogi',
       'prayogi', 'prayogi', 'prayogi', 'prayogi', 'prayogi', 'prayogi',
       'prayogi', 'prayogi', 'prayogi', 'prayogi', 'prayogi', 'prayogi',
       'prayogi', 'prayogi', 'prayogi', 'prayogi', 'prayogi', 'prayogi',
       'prayogi', 'prayogi', 'prayogi', 'prayogi', 'prayogi', 'prayogi',
       'prayogi', 'prayogi', 'prayogi', 'prayogi', 'prayogi', 'prayogi',
       'prayogi', 'prayogi', 'prayogi', 'prayogi', 'prayogi', 'prayogi',
       'prayogi', 'prayogi', 'prayogi', 'prayogi', 'prayogi', 'prayogi',
       'prayogi', 'prayogi', 'prayogi', 'prayogi', 'prayogi', 'prayogi',
       'prayogi', 'prayogi', 'prayogi', 'prayogi', 'prayogi', 'prayogi',
       'prayogi', 'prayogi', 'prayogi', 'prayogi', 'rizqi', 'rizqi',
       'rizqi', 'rizqi', 'rizqi', 'rizqi', 'rizqi', 'rizqi', 'rizqi',
       'rizqi', 'rizqi', 'rizqi', 'rizqi', 'rizqi', 'rizqi', 'rizqi',
       'rizqi', 'rizqi', 'rizqi', 'rizqi', 'rizqi', 'rizqi', 'rizqi',
       'rizqi', 'rizqi', 'rizqi', 'rizqi', 'rizqi', 'rizqi', 'rizqi',
       'rizqi', 'rizqi', 'rizqi', 'rizqi', 'rizqi', 'rizqi', 'rizqi',
       'rizqi', 'rizqi', 'rizqi', 'rizqi', 'rizqi', 'rizqi', 'rizqi',
       'rizqi', 'rizqi', 'rizqi', 'rizqi', 'rizqi', 'rizqi', 'rizqi',
       'rizqi', 'rizqi', 'rizqi', 'rizqi', 'rizqi', 'rizqi', 'rizqi',
       'rizqi', 'rizqi', 'rizqi', 'rizqi', 'rizqi', 'rizqi', 'rizqi',
       'rizqi', 'rizqi', 'rizqi', 'rizqi', 'rizqi', 'rizqi', 'rizqi',
       'rizqi', 'rizqi', 'rizqi', 'rizqi', 'rizqi', 'rizqi', 'rizqi',
       'rizqi', 'rizqi', 'rizqi', 'rizqi', 'rizqi', 'rizqi', 'rizqi',
       'rizqi', 'rizqi'], dtype=object), 'features': ['nn_count', 'pnn20', 'hf_power', 'lf_hf_ratio', 'lf_norm', 'hf_norm']}"
forward_8feat,hyperparameter_optimized,rbf,"{'svm__C': 1, 'svm__gamma': 'scale'}","pnn20, nn_min, sdsd, nn_count, sdnn, lf_power, hf_power, lf_norm",8,0.7023,0.7022727272727273,-2.727272727276464e-05,-0.002727272727276464,"{'X': array([[ 44.73684211, 675.53      ,  33.33565898, ..., 303.77746562,
        314.97860855,  49.09486602],
       [ 40.54054054, 712.045     ,  31.23373481, ..., 173.25579305,
        281.55240584,  38.09425456],
       [ 40.54054054, 712.045     ,  31.38655169, ..., 147.06497078,
        282.76428059,  34.21474232],
       ...,
       [ 41.66666667, 491.243     ,  35.65673014, ..., 157.66746737,
        174.13632335,  47.51828393],
       [ 43.75      , 491.243     ,  36.34146502, ..., 135.37274258,
        194.53853819,  41.03307479],
       [ 43.75      , 491.243     ,  37.13824762, ..., 107.20956042,
        210.63334957,  33.73036083]]), 'y': array([1, 1, 1, 1, 1, 1, 1, 1, 1, 1, 1, 0, 0, 0, 0, 0, 0, 0, 0, 0, 0, 0,
       1, 1, 1, 1, 1, 1, 1, 1, 1, 1, 1, 0, 0, 0, 0, 0, 0, 0, 0, 0, 0, 0,
       1, 1, 1, 1, 1, 1, 1, 1, 1, 1, 1, 0, 0, 0, 0, 0, 0, 0, 0, 0, 0, 0,
       1, 1, 1, 1, 1, 1, 1, 1, 1, 1, 1, 0, 0, 0, 0, 0, 0, 0, 0, 0, 0, 0,
       1, 1, 1, 1, 1, 1, 1, 1, 1, 1, 1, 0, 0, 0, 0, 0, 0, 0, 0, 0, 0, 0,
       1, 1, 1, 1, 1, 1, 1, 1, 1, 1, 1, 0, 0, 0, 0, 0, 0, 0, 0, 0, 0, 0,
       1, 1, 1, 1, 1, 1, 1, 1, 1, 1, 1, 0, 0, 0, 0, 0, 0, 0, 0, 0, 0, 0,
       1, 1, 1, 1, 1, 1, 1, 1, 1, 1, 1, 0, 0, 0, 0, 0, 0, 0, 0, 0, 0, 0,
       1, 1, 1, 1, 1, 1, 1, 1, 1, 1, 1, 0, 0, 0, 0, 0, 0, 0, 0, 0, 0, 0,
       1, 1, 1, 1, 1, 1, 1, 1, 1, 1, 1, 0, 0, 0, 0, 0, 0, 0, 0, 0, 0, 0,
       1, 1, 1, 1, 1, 1, 1, 1, 1, 1, 1, 0, 0, 0, 0, 0, 0, 0, 0, 0, 0, 0,
       1, 1, 1, 1, 1, 1, 1, 1, 1, 1, 1, 0, 0, 0, 0, 0, 0, 0, 0, 0, 0, 0,
       1, 1, 1, 1, 1, 1, 1, 1, 1, 1, 1, 0, 0, 0, 0, 0, 0, 0, 0, 0, 0, 0,
       1, 1, 1, 1, 1, 1, 1, 1, 1, 1, 1, 0, 0, 0, 0, 0, 0, 0, 0, 0, 0, 0,
       1, 1, 1, 1, 1, 1, 1, 1, 1, 1, 1, 0, 0, 0, 0, 0, 0, 0, 0, 0, 0, 0,
       1, 1, 1, 1, 1, 1, 1, 1, 1, 1, 1, 0, 0, 0, 0, 0, 0, 0, 0, 0, 0, 0,
       1, 1, 1, 1, 1, 1, 1, 1, 1, 1, 1, 0, 0, 0, 0, 0, 0, 0, 0, 0, 0, 0,
       1, 1, 1, 1, 1, 1, 1, 1, 1, 1, 1, 0, 0, 0, 0, 0, 0, 0, 0, 0, 0, 0,
       1, 1, 1, 1, 1, 1, 1, 1, 1, 1, 1, 0, 0, 0, 0, 0, 0, 0, 0, 0, 0, 0,
       1, 1, 1, 1, 1, 1, 1, 1, 1, 1, 1, 0, 0, 0, 0, 0, 0, 0, 0, 0, 0, 0,
       1, 1, 1, 1, 1, 1, 1, 1, 1, 1, 1, 0, 0, 0, 0, 0, 0, 0, 0, 0, 0, 0,
       1, 1, 1, 1, 1, 1, 1, 1, 1, 1, 1, 0, 0, 0, 0, 0, 0, 0, 0, 0, 0, 0,
       1, 1, 1, 1, 1, 1, 1, 1, 1, 1, 1, 0, 0, 0, 0, 0, 0, 0, 0, 0, 0, 0,
       1, 1, 1, 1, 1, 1, 1, 1, 1, 1, 1, 0, 0, 0, 0, 0, 0, 0, 0, 0, 0, 0,
       1, 1, 1, 1, 1, 1, 1, 1, 1, 1, 1, 0, 0, 0, 0, 0, 0, 0, 0, 0, 0, 0,
       1, 1, 1, 1, 1, 1, 1, 1, 1, 1, 1, 0, 0, 0, 0, 0, 0, 0, 0, 0, 0, 0,
       1, 1, 1, 1, 1, 1, 1, 1, 1, 1, 1, 0, 0, 0, 0, 0, 0, 0, 0, 0, 0, 0,
       1, 1, 1, 1, 1, 1, 1, 1, 1, 1, 1, 0, 0, 0, 0, 0, 0, 0, 0, 0, 0, 0,
       1, 1, 1, 1, 1, 1, 1, 1, 1, 1, 1, 0, 0, 0, 0, 0, 0, 0, 0, 0, 0, 0,
       1, 1, 1, 1, 1, 1, 1, 1, 1, 1, 1, 0, 0, 0, 0, 0, 0, 0, 0, 0, 0, 0,
       1, 1, 1, 1, 1, 1, 1, 1, 1, 1, 1, 0, 0, 0, 0, 0, 0, 0, 0, 0, 0, 0,
       1, 1, 1, 1, 1, 1, 1, 1, 1, 1, 1, 0, 0, 0, 0, 0, 0, 0, 0, 0, 0, 0,
       1, 1, 1, 1, 1, 1, 1, 1, 1, 1, 1, 0, 0, 0, 0, 0, 0, 0, 0, 0, 0, 0,
       1, 1, 1, 1, 1, 1, 1, 1, 1, 1, 1, 0, 0, 0, 0, 0, 0, 0, 0, 0, 0, 0,
       1, 1, 1, 1, 1, 1, 1, 1, 1, 1, 1, 0, 0, 0, 0, 0, 0, 0, 0, 0, 0, 0,
       1, 1, 1, 1, 1, 1, 1, 1, 1, 1, 1, 0, 0, 0, 0, 0, 0, 0, 0, 0, 0, 0,
       1, 1, 1, 1, 1, 1, 1, 1, 1, 1, 1, 0, 0, 0, 0, 0, 0, 0, 0, 0, 0, 0,
       1, 1, 1, 1, 1, 1, 1, 1, 1, 1, 1, 0, 0, 0, 0, 0, 0, 0, 0, 0, 0, 0,
       1, 1, 1, 1, 1, 1, 1, 1, 1, 1, 1, 0, 0, 0, 0, 0, 0, 0, 0, 0, 0, 0,
       1, 1, 1, 1, 1, 1, 1, 1, 1, 1, 1, 0, 0, 0, 0, 0, 0, 0, 0, 0, 0, 0],
      dtype=int64), 'groups': array(['bayu', 'bayu', 'bayu', 'bayu', 'bayu', 'bayu', 'bayu', 'bayu',
       'bayu', 'bayu', 'bayu', 'bayu', 'bayu', 'bayu', 'bayu', 'bayu',
       'bayu', 'bayu', 'bayu', 'bayu', 'bayu', 'bayu', 'bayu', 'bayu',
       'bayu', 'bayu', 'bayu', 'bayu', 'bayu', 'bayu', 'bayu', 'bayu',
       'bayu', 'bayu', 'bayu', 'bayu', 'bayu', 'bayu', 'bayu', 'bayu',
       'bayu', 'bayu', 'bayu', 'bayu', 'bayu', 'bayu', 'bayu', 'bayu',
       'bayu', 'bayu', 'bayu', 'bayu', 'bayu', 'bayu', 'bayu', 'bayu',
       'bayu', 'bayu', 'bayu', 'bayu', 'bayu', 'bayu', 'bayu', 'bayu',
       'bayu', 'bayu', 'bayu', 'bayu', 'bayu', 'bayu', 'bayu', 'bayu',
       'bayu', 'bayu', 'bayu', 'bayu', 'bayu', 'bayu', 'bayu', 'bayu',
       'bayu', 'bayu', 'bayu', 'bayu', 'bayu', 'bayu', 'bayu', 'bayu',
       'desta', 'desta', 'desta', 'desta', 'desta', 'desta', 'desta',
       'desta', 'desta', 'desta', 'desta', 'desta', 'desta', 'desta',
       'desta', 'desta', 'desta', 'desta', 'desta', 'desta', 'desta',
       'desta', 'desta', 'desta', 'desta', 'desta', 'desta', 'desta',
       'desta', 'desta', 'desta', 'desta', 'desta', 'desta', 'desta',
       'desta', 'desta', 'desta', 'desta', 'desta', 'desta', 'desta',
       'desta', 'desta', 'desta', 'desta', 'desta', 'desta', 'desta',
       'desta', 'desta', 'desta', 'desta', 'desta', 'desta', 'desta',
       'desta', 'desta', 'desta', 'desta', 'desta', 'desta', 'desta',
       'desta', 'desta', 'desta', 'desta', 'desta', 'desta', 'desta',
       'desta', 'desta', 'desta', 'desta', 'desta', 'desta', 'desta',
       'desta', 'desta', 'desta', 'desta', 'desta', 'desta', 'desta',
       'desta', 'desta', 'desta', 'desta', 'dewi', 'dewi', 'dewi', 'dewi',
       'dewi', 'dewi', 'dewi', 'dewi', 'dewi', 'dewi', 'dewi', 'dewi',
       'dewi', 'dewi', 'dewi', 'dewi', 'dewi', 'dewi', 'dewi', 'dewi',
       'dewi', 'dewi', 'dewi', 'dewi', 'dewi', 'dewi', 'dewi', 'dewi',
       'dewi', 'dewi', 'dewi', 'dewi', 'dewi', 'dewi', 'dewi', 'dewi',
       'dewi', 'dewi', 'dewi', 'dewi', 'dewi', 'dewi', 'dewi', 'dewi',
       'dewi', 'dewi', 'dewi', 'dewi', 'dewi', 'dewi', 'dewi', 'dewi',
       'dewi', 'dewi', 'dewi', 'dewi', 'dewi', 'dewi', 'dewi', 'dewi',
       'dewi', 'dewi', 'dewi', 'dewi', 'dewi', 'dewi', 'dewi', 'dewi',
       'dewi', 'dewi', 'dewi', 'dewi', 'dewi', 'dewi', 'dewi', 'dewi',
       'dewi', 'dewi', 'dewi', 'dewi', 'dewi', 'dewi', 'dewi', 'dewi',
       'dewi', 'dewi', 'dewi', 'dewi', 'esty', 'esty', 'esty', 'esty',
       'esty', 'esty', 'esty', 'esty', 'esty', 'esty', 'esty', 'esty',
       'esty', 'esty', 'esty', 'esty', 'esty', 'esty', 'esty', 'esty',
       'esty', 'esty', 'esty', 'esty', 'esty', 'esty', 'esty', 'esty',
       'esty', 'esty', 'esty', 'esty', 'esty', 'esty', 'esty', 'esty',
       'esty', 'esty', 'esty', 'esty', 'esty', 'esty', 'esty', 'esty',
       'esty', 'esty', 'esty', 'esty', 'esty', 'esty', 'esty', 'esty',
       'esty', 'esty', 'esty', 'esty', 'esty', 'esty', 'esty', 'esty',
       'esty', 'esty', 'esty', 'esty', 'esty', 'esty', 'esty', 'esty',
       'esty', 'esty', 'esty', 'esty', 'esty', 'esty', 'esty', 'esty',
       'esty', 'esty', 'esty', 'esty', 'esty', 'esty', 'esty', 'esty',
       'esty', 'esty', 'esty', 'esty', 'hilmi', 'hilmi', 'hilmi', 'hilmi',
       'hilmi', 'hilmi', 'hilmi', 'hilmi', 'hilmi', 'hilmi', 'hilmi',
       'hilmi', 'hilmi', 'hilmi', 'hilmi', 'hilmi', 'hilmi', 'hilmi',
       'hilmi', 'hilmi', 'hilmi', 'hilmi', 'hilmi', 'hilmi', 'hilmi',
       'hilmi', 'hilmi', 'hilmi', 'hilmi', 'hilmi', 'hilmi', 'hilmi',
       'hilmi', 'hilmi', 'hilmi', 'hilmi', 'hilmi', 'hilmi', 'hilmi',
       'hilmi', 'hilmi', 'hilmi', 'hilmi', 'hilmi', 'hilmi', 'hilmi',
       'hilmi', 'hilmi', 'hilmi', 'hilmi', 'hilmi', 'hilmi', 'hilmi',
       'hilmi', 'hilmi', 'hilmi', 'hilmi', 'hilmi', 'hilmi', 'hilmi',
       'hilmi', 'hilmi', 'hilmi', 'hilmi', 'hilmi', 'hilmi', 'hilmi',
       'hilmi', 'hilmi', 'hilmi', 'hilmi', 'hilmi', 'hilmi', 'hilmi',
       'hilmi', 'hilmi', 'hilmi', 'hilmi', 'hilmi', 'hilmi', 'hilmi',
       'hilmi', 'hilmi', 'hilmi', 'hilmi', 'hilmi', 'hilmi', 'hilmi',
       'irsyad', 'irsyad', 'irsyad', 'irsyad', 'irsyad', 'irsyad',
       'irsyad', 'irsyad', 'irsyad', 'irsyad', 'irsyad', 'irsyad',
       'irsyad', 'irsyad', 'irsyad', 'irsyad', 'irsyad', 'irsyad',
       'irsyad', 'irsyad', 'irsyad', 'irsyad', 'irsyad', 'irsyad',
       'irsyad', 'irsyad', 'irsyad', 'irsyad', 'irsyad', 'irsyad',
       'irsyad', 'irsyad', 'irsyad', 'irsyad', 'irsyad', 'irsyad',
       'irsyad', 'irsyad', 'irsyad', 'irsyad', 'irsyad', 'irsyad',
       'irsyad', 'irsyad', 'irsyad', 'irsyad', 'irsyad', 'irsyad',
       'irsyad', 'irsyad', 'irsyad', 'irsyad', 'irsyad', 'irsyad',
       'irsyad', 'irsyad', 'irsyad', 'irsyad', 'irsyad', 'irsyad',
       'irsyad', 'irsyad', 'irsyad', 'irsyad', 'irsyad', 'irsyad',
       'irsyad', 'irsyad', 'irsyad', 'irsyad', 'irsyad', 'irsyad',
       'irsyad', 'irsyad', 'irsyad', 'irsyad', 'irsyad', 'irsyad',
       'irsyad', 'irsyad', 'irsyad', 'irsyad', 'irsyad', 'irsyad',
       'irsyad', 'irsyad', 'irsyad', 'irsyad', 'jovita', 'jovita',
       'jovita', 'jovita', 'jovita', 'jovita', 'jovita', 'jovita',
       'jovita', 'jovita', 'jovita', 'jovita', 'jovita', 'jovita',
       'jovita', 'jovita', 'jovita', 'jovita', 'jovita', 'jovita',
       'jovita', 'jovita', 'jovita', 'jovita', 'jovita', 'jovita',
       'jovita', 'jovita', 'jovita', 'jovita', 'jovita', 'jovita',
       'jovita', 'jovita', 'jovita', 'jovita', 'jovita', 'jovita',
       'jovita', 'jovita', 'jovita', 'jovita', 'jovita', 'jovita',
       'jovita', 'jovita', 'jovita', 'jovita', 'jovita', 'jovita',
       'jovita', 'jovita', 'jovita', 'jovita', 'jovita', 'jovita',
       'jovita', 'jovita', 'jovita', 'jovita', 'jovita', 'jovita',
       'jovita', 'jovita', 'jovita', 'jovita', 'jovita', 'jovita',
       'jovita', 'jovita', 'jovita', 'jovita', 'jovita', 'jovita',
       'jovita', 'jovita', 'jovita', 'jovita', 'jovita', 'jovita',
       'jovita', 'jovita', 'jovita', 'jovita', 'jovita', 'jovita',
       'jovita', 'jovita', 'nathan', 'nathan', 'nathan', 'nathan',
       'nathan', 'nathan', 'nathan', 'nathan', 'nathan', 'nathan',
       'nathan', 'nathan', 'nathan', 'nathan', 'nathan', 'nathan',
       'nathan', 'nathan', 'nathan', 'nathan', 'nathan', 'nathan',
       'nathan', 'nathan', 'nathan', 'nathan', 'nathan', 'nathan',
       'nathan', 'nathan', 'nathan', 'nathan', 'nathan', 'nathan',
       'nathan', 'nathan', 'nathan', 'nathan', 'nathan', 'nathan',
       'nathan', 'nathan', 'nathan', 'nathan', 'nathan', 'nathan',
       'nathan', 'nathan', 'nathan', 'nathan', 'nathan', 'nathan',
       'nathan', 'nathan', 'nathan', 'nathan', 'nathan', 'nathan',
       'nathan', 'nathan', 'nathan', 'nathan', 'nathan', 'nathan',
       'nathan', 'nathan', 'nathan', 'nathan', 'nathan', 'nathan',
       'nathan', 'nathan', 'nathan', 'nathan', 'nathan', 'nathan',
       'nathan', 'nathan', 'nathan', 'nathan', 'nathan', 'nathan',
       'nathan', 'nathan', 'nathan', 'nathan', 'nathan', 'nathan',
       'prayogi', 'prayogi', 'prayogi', 'prayogi', 'prayogi', 'prayogi',
       'prayogi', 'prayogi', 'prayogi', 'prayogi', 'prayogi', 'prayogi',
       'prayogi', 'prayogi', 'prayogi', 'prayogi', 'prayogi', 'prayogi',
       'prayogi', 'prayogi', 'prayogi', 'prayogi', 'prayogi', 'prayogi',
       'prayogi', 'prayogi', 'prayogi', 'prayogi', 'prayogi', 'prayogi',
       'prayogi', 'prayogi', 'prayogi', 'prayogi', 'prayogi', 'prayogi',
       'prayogi', 'prayogi', 'prayogi', 'prayogi', 'prayogi', 'prayogi',
       'prayogi', 'prayogi', 'prayogi', 'prayogi', 'prayogi', 'prayogi',
       'prayogi', 'prayogi', 'prayogi', 'prayogi', 'prayogi', 'prayogi',
       'prayogi', 'prayogi', 'prayogi', 'prayogi', 'prayogi', 'prayogi',
       'prayogi', 'prayogi', 'prayogi', 'prayogi', 'prayogi', 'prayogi',
       'prayogi', 'prayogi', 'prayogi', 'prayogi', 'prayogi', 'prayogi',
       'prayogi', 'prayogi', 'prayogi', 'prayogi', 'prayogi', 'prayogi',
       'prayogi', 'prayogi', 'prayogi', 'prayogi', 'prayogi', 'prayogi',
       'prayogi', 'prayogi', 'prayogi', 'prayogi', 'rizqi', 'rizqi',
       'rizqi', 'rizqi', 'rizqi', 'rizqi', 'rizqi', 'rizqi', 'rizqi',
       'rizqi', 'rizqi', 'rizqi', 'rizqi', 'rizqi', 'rizqi', 'rizqi',
       'rizqi', 'rizqi', 'rizqi', 'rizqi', 'rizqi', 'rizqi', 'rizqi',
       'rizqi', 'rizqi', 'rizqi', 'rizqi', 'rizqi', 'rizqi', 'rizqi',
       'rizqi', 'rizqi', 'rizqi', 'rizqi', 'rizqi', 'rizqi', 'rizqi',
       'rizqi', 'rizqi', 'rizqi', 'rizqi', 'rizqi', 'rizqi', 'rizqi',
       'rizqi', 'rizqi', 'rizqi', 'rizqi', 'rizqi', 'rizqi', 'rizqi',
       'rizqi', 'rizqi', 'rizqi', 'rizqi', 'rizqi', 'rizqi', 'rizqi',
       'rizqi', 'rizqi', 'rizqi', 'rizqi', 'rizqi', 'rizqi', 'rizqi',
       'rizqi', 'rizqi', 'rizqi', 'rizqi', 'rizqi', 'rizqi', 'rizqi',
       'rizqi', 'rizqi', 'rizqi', 'rizqi', 'rizqi', 'rizqi', 'rizqi',
       'rizqi', 'rizqi', 'rizqi', 'rizqi', 'rizqi', 'rizqi', 'rizqi',
       'rizqi', 'rizqi'], dtype=object), 'features': ['pnn20', 'nn_min', 'sdsd', 'nn_count', 'sdnn', 'lf_power', 'hf_power', 'lf_norm']}"
best_8feat,hyperparameter_optimized,rbf,"{'svm__C': 1, 'svm__gamma': 'scale'}","nn_count, nn_mean, nn_min, sdsd, rmssd, pnn20, lf_power, hf_peak",8,0.6864,0.6863636363636364,-3.636363636361217e-05,-0.0036363636363612173,"{'X': array([[3.90000000e+01, 7.95430549e+02, 6.75530000e+02, ...,
        4.47368421e+01, 3.03777466e+02, 2.03389831e-01],
       [3.80000000e+01, 8.01949063e+02, 7.12045000e+02, ...,
        4.05405405e+01, 1.73255793e+02, 2.06896552e-01],
       [3.80000000e+01, 8.03870906e+02, 7.12045000e+02, ...,
        4.05405405e+01, 1.47064971e+02, 2.03389831e-01],
       ...,
       [4.90000000e+01, 5.98744599e+02, 4.91243000e+02, ...,
        4.16666667e+01, 1.57667467e+02, 2.75862069e-01],
       [4.90000000e+01, 5.96145436e+02, 4.91243000e+02, ...,
        4.37500000e+01, 1.35372743e+02, 2.75862069e-01],
       [4.90000000e+01, 5.93917558e+02, 4.91243000e+02, ...,
        4.37500000e+01, 1.07209560e+02, 2.75862069e-01]]), 'y': array([1, 1, 1, 1, 1, 1, 1, 1, 1, 1, 1, 0, 0, 0, 0, 0, 0, 0, 0, 0, 0, 0,
       1, 1, 1, 1, 1, 1, 1, 1, 1, 1, 1, 0, 0, 0, 0, 0, 0, 0, 0, 0, 0, 0,
       1, 1, 1, 1, 1, 1, 1, 1, 1, 1, 1, 0, 0, 0, 0, 0, 0, 0, 0, 0, 0, 0,
       1, 1, 1, 1, 1, 1, 1, 1, 1, 1, 1, 0, 0, 0, 0, 0, 0, 0, 0, 0, 0, 0,
       1, 1, 1, 1, 1, 1, 1, 1, 1, 1, 1, 0, 0, 0, 0, 0, 0, 0, 0, 0, 0, 0,
       1, 1, 1, 1, 1, 1, 1, 1, 1, 1, 1, 0, 0, 0, 0, 0, 0, 0, 0, 0, 0, 0,
       1, 1, 1, 1, 1, 1, 1, 1, 1, 1, 1, 0, 0, 0, 0, 0, 0, 0, 0, 0, 0, 0,
       1, 1, 1, 1, 1, 1, 1, 1, 1, 1, 1, 0, 0, 0, 0, 0, 0, 0, 0, 0, 0, 0,
       1, 1, 1, 1, 1, 1, 1, 1, 1, 1, 1, 0, 0, 0, 0, 0, 0, 0, 0, 0, 0, 0,
       1, 1, 1, 1, 1, 1, 1, 1, 1, 1, 1, 0, 0, 0, 0, 0, 0, 0, 0, 0, 0, 0,
       1, 1, 1, 1, 1, 1, 1, 1, 1, 1, 1, 0, 0, 0, 0, 0, 0, 0, 0, 0, 0, 0,
       1, 1, 1, 1, 1, 1, 1, 1, 1, 1, 1, 0, 0, 0, 0, 0, 0, 0, 0, 0, 0, 0,
       1, 1, 1, 1, 1, 1, 1, 1, 1, 1, 1, 0, 0, 0, 0, 0, 0, 0, 0, 0, 0, 0,
       1, 1, 1, 1, 1, 1, 1, 1, 1, 1, 1, 0, 0, 0, 0, 0, 0, 0, 0, 0, 0, 0,
       1, 1, 1, 1, 1, 1, 1, 1, 1, 1, 1, 0, 0, 0, 0, 0, 0, 0, 0, 0, 0, 0,
       1, 1, 1, 1, 1, 1, 1, 1, 1, 1, 1, 0, 0, 0, 0, 0, 0, 0, 0, 0, 0, 0,
       1, 1, 1, 1, 1, 1, 1, 1, 1, 1, 1, 0, 0, 0, 0, 0, 0, 0, 0, 0, 0, 0,
       1, 1, 1, 1, 1, 1, 1, 1, 1, 1, 1, 0, 0, 0, 0, 0, 0, 0, 0, 0, 0, 0,
       1, 1, 1, 1, 1, 1, 1, 1, 1, 1, 1, 0, 0, 0, 0, 0, 0, 0, 0, 0, 0, 0,
       1, 1, 1, 1, 1, 1, 1, 1, 1, 1, 1, 0, 0, 0, 0, 0, 0, 0, 0, 0, 0, 0,
       1, 1, 1, 1, 1, 1, 1, 1, 1, 1, 1, 0, 0, 0, 0, 0, 0, 0, 0, 0, 0, 0,
       1, 1, 1, 1, 1, 1, 1, 1, 1, 1, 1, 0, 0, 0, 0, 0, 0, 0, 0, 0, 0, 0,
       1, 1, 1, 1, 1, 1, 1, 1, 1, 1, 1, 0, 0, 0, 0, 0, 0, 0, 0, 0, 0, 0,
       1, 1, 1, 1, 1, 1, 1, 1, 1, 1, 1, 0, 0, 0, 0, 0, 0, 0, 0, 0, 0, 0,
       1, 1, 1, 1, 1, 1, 1, 1, 1, 1, 1, 0, 0, 0, 0, 0, 0, 0, 0, 0, 0, 0,
       1, 1, 1, 1, 1, 1, 1, 1, 1, 1, 1, 0, 0, 0, 0, 0, 0, 0, 0, 0, 0, 0,
       1, 1, 1, 1, 1, 1, 1, 1, 1, 1, 1, 0, 0, 0, 0, 0, 0, 0, 0, 0, 0, 0,
       1, 1, 1, 1, 1, 1, 1, 1, 1, 1, 1, 0, 0, 0, 0, 0, 0, 0, 0, 0, 0, 0,
       1, 1, 1, 1, 1, 1, 1, 1, 1, 1, 1, 0, 0, 0, 0, 0, 0, 0, 0, 0, 0, 0,
       1, 1, 1, 1, 1, 1, 1, 1, 1, 1, 1, 0, 0, 0, 0, 0, 0, 0, 0, 0, 0, 0,
       1, 1, 1, 1, 1, 1, 1, 1, 1, 1, 1, 0, 0, 0, 0, 0, 0, 0, 0, 0, 0, 0,
       1, 1, 1, 1, 1, 1, 1, 1, 1, 1, 1, 0, 0, 0, 0, 0, 0, 0, 0, 0, 0, 0,
       1, 1, 1, 1, 1, 1, 1, 1, 1, 1, 1, 0, 0, 0, 0, 0, 0, 0, 0, 0, 0, 0,
       1, 1, 1, 1, 1, 1, 1, 1, 1, 1, 1, 0, 0, 0, 0, 0, 0, 0, 0, 0, 0, 0,
       1, 1, 1, 1, 1, 1, 1, 1, 1, 1, 1, 0, 0, 0, 0, 0, 0, 0, 0, 0, 0, 0,
       1, 1, 1, 1, 1, 1, 1, 1, 1, 1, 1, 0, 0, 0, 0, 0, 0, 0, 0, 0, 0, 0,
       1, 1, 1, 1, 1, 1, 1, 1, 1, 1, 1, 0, 0, 0, 0, 0, 0, 0, 0, 0, 0, 0,
       1, 1, 1, 1, 1, 1, 1, 1, 1, 1, 1, 0, 0, 0, 0, 0, 0, 0, 0, 0, 0, 0,
       1, 1, 1, 1, 1, 1, 1, 1, 1, 1, 1, 0, 0, 0, 0, 0, 0, 0, 0, 0, 0, 0,
       1, 1, 1, 1, 1, 1, 1, 1, 1, 1, 1, 0, 0, 0, 0, 0, 0, 0, 0, 0, 0, 0],
      dtype=int64), 'groups': array(['bayu', 'bayu', 'bayu', 'bayu', 'bayu', 'bayu', 'bayu', 'bayu',
       'bayu', 'bayu', 'bayu', 'bayu', 'bayu', 'bayu', 'bayu', 'bayu',
       'bayu', 'bayu', 'bayu', 'bayu', 'bayu', 'bayu', 'bayu', 'bayu',
       'bayu', 'bayu', 'bayu', 'bayu', 'bayu', 'bayu', 'bayu', 'bayu',
       'bayu', 'bayu', 'bayu', 'bayu', 'bayu', 'bayu', 'bayu', 'bayu',
       'bayu', 'bayu', 'bayu', 'bayu', 'bayu', 'bayu', 'bayu', 'bayu',
       'bayu', 'bayu', 'bayu', 'bayu', 'bayu', 'bayu', 'bayu', 'bayu',
       'bayu', 'bayu', 'bayu', 'bayu', 'bayu', 'bayu', 'bayu', 'bayu',
       'bayu', 'bayu', 'bayu', 'bayu', 'bayu', 'bayu', 'bayu', 'bayu',
       'bayu', 'bayu', 'bayu', 'bayu', 'bayu', 'bayu', 'bayu', 'bayu',
       'bayu', 'bayu', 'bayu', 'bayu', 'bayu', 'bayu', 'bayu', 'bayu',
       'desta', 'desta', 'desta', 'desta', 'desta', 'desta', 'desta',
       'desta', 'desta', 'desta', 'desta', 'desta', 'desta', 'desta',
       'desta', 'desta', 'desta', 'desta', 'desta', 'desta', 'desta',
       'desta', 'desta', 'desta', 'desta', 'desta', 'desta', 'desta',
       'desta', 'desta', 'desta', 'desta', 'desta', 'desta', 'desta',
       'desta', 'desta', 'desta', 'desta', 'desta', 'desta', 'desta',
       'desta', 'desta', 'desta', 'desta', 'desta', 'desta', 'desta',
       'desta', 'desta', 'desta', 'desta', 'desta', 'desta', 'desta',
       'desta', 'desta', 'desta', 'desta', 'desta', 'desta', 'desta',
       'desta', 'desta', 'desta', 'desta', 'desta', 'desta', 'desta',
       'desta', 'desta', 'desta', 'desta', 'desta', 'desta', 'desta',
       'desta', 'desta', 'desta', 'desta', 'desta', 'desta', 'desta',
       'desta', 'desta', 'desta', 'desta', 'dewi', 'dewi', 'dewi', 'dewi',
       'dewi', 'dewi', 'dewi', 'dewi', 'dewi', 'dewi', 'dewi', 'dewi',
       'dewi', 'dewi', 'dewi', 'dewi', 'dewi', 'dewi', 'dewi', 'dewi',
       'dewi', 'dewi', 'dewi', 'dewi', 'dewi', 'dewi', 'dewi', 'dewi',
       'dewi', 'dewi', 'dewi', 'dewi', 'dewi', 'dewi', 'dewi', 'dewi',
       'dewi', 'dewi', 'dewi', 'dewi', 'dewi', 'dewi', 'dewi', 'dewi',
       'dewi', 'dewi', 'dewi', 'dewi', 'dewi', 'dewi', 'dewi', 'dewi',
       'dewi', 'dewi', 'dewi', 'dewi', 'dewi', 'dewi', 'dewi', 'dewi',
       'dewi', 'dewi', 'dewi', 'dewi', 'dewi', 'dewi', 'dewi', 'dewi',
       'dewi', 'dewi', 'dewi', 'dewi', 'dewi', 'dewi', 'dewi', 'dewi',
       'dewi', 'dewi', 'dewi', 'dewi', 'dewi', 'dewi', 'dewi', 'dewi',
       'dewi', 'dewi', 'dewi', 'dewi', 'esty', 'esty', 'esty', 'esty',
       'esty', 'esty', 'esty', 'esty', 'esty', 'esty', 'esty', 'esty',
       'esty', 'esty', 'esty', 'esty', 'esty', 'esty', 'esty', 'esty',
       'esty', 'esty', 'esty', 'esty', 'esty', 'esty', 'esty', 'esty',
       'esty', 'esty', 'esty', 'esty', 'esty', 'esty', 'esty', 'esty',
       'esty', 'esty', 'esty', 'esty', 'esty', 'esty', 'esty', 'esty',
       'esty', 'esty', 'esty', 'esty', 'esty', 'esty', 'esty', 'esty',
       'esty', 'esty', 'esty', 'esty', 'esty', 'esty', 'esty', 'esty',
       'esty', 'esty', 'esty', 'esty', 'esty', 'esty', 'esty', 'esty',
       'esty', 'esty', 'esty', 'esty', 'esty', 'esty', 'esty', 'esty',
       'esty', 'esty', 'esty', 'esty', 'esty', 'esty', 'esty', 'esty',
       'esty', 'esty', 'esty', 'esty', 'hilmi', 'hilmi', 'hilmi', 'hilmi',
       'hilmi', 'hilmi', 'hilmi', 'hilmi', 'hilmi', 'hilmi', 'hilmi',
       'hilmi', 'hilmi', 'hilmi', 'hilmi', 'hilmi', 'hilmi', 'hilmi',
       'hilmi', 'hilmi', 'hilmi', 'hilmi', 'hilmi', 'hilmi', 'hilmi',
       'hilmi', 'hilmi', 'hilmi', 'hilmi', 'hilmi', 'hilmi', 'hilmi',
       'hilmi', 'hilmi', 'hilmi', 'hilmi', 'hilmi', 'hilmi', 'hilmi',
       'hilmi', 'hilmi', 'hilmi', 'hilmi', 'hilmi', 'hilmi', 'hilmi',
       'hilmi', 'hilmi', 'hilmi', 'hilmi', 'hilmi', 'hilmi', 'hilmi',
       'hilmi', 'hilmi', 'hilmi', 'hilmi', 'hilmi', 'hilmi', 'hilmi',
       'hilmi', 'hilmi', 'hilmi', 'hilmi', 'hilmi', 'hilmi', 'hilmi',
       'hilmi', 'hilmi', 'hilmi', 'hilmi', 'hilmi', 'hilmi', 'hilmi',
       'hilmi', 'hilmi', 'hilmi', 'hilmi', 'hilmi', 'hilmi', 'hilmi',
       'hilmi', 'hilmi', 'hilmi', 'hilmi', 'hilmi', 'hilmi', 'hilmi',
       'irsyad', 'irsyad', 'irsyad', 'irsyad', 'irsyad', 'irsyad',
       'irsyad', 'irsyad', 'irsyad', 'irsyad', 'irsyad', 'irsyad',
       'irsyad', 'irsyad', 'irsyad', 'irsyad', 'irsyad', 'irsyad',
       'irsyad', 'irsyad', 'irsyad', 'irsyad', 'irsyad', 'irsyad',
       'irsyad', 'irsyad', 'irsyad', 'irsyad', 'irsyad', 'irsyad',
       'irsyad', 'irsyad', 'irsyad', 'irsyad', 'irsyad', 'irsyad',
       'irsyad', 'irsyad', 'irsyad', 'irsyad', 'irsyad', 'irsyad',
       'irsyad', 'irsyad', 'irsyad', 'irsyad', 'irsyad', 'irsyad',
       'irsyad', 'irsyad', 'irsyad', 'irsyad', 'irsyad', 'irsyad',
       'irsyad', 'irsyad', 'irsyad', 'irsyad', 'irsyad', 'irsyad',
       'irsyad', 'irsyad', 'irsyad', 'irsyad', 'irsyad', 'irsyad',
       'irsyad', 'irsyad', 'irsyad', 'irsyad', 'irsyad', 'irsyad',
       'irsyad', 'irsyad', 'irsyad', 'irsyad', 'irsyad', 'irsyad',
       'irsyad', 'irsyad', 'irsyad', 'irsyad', 'irsyad', 'irsyad',
       'irsyad', 'irsyad', 'irsyad', 'irsyad', 'jovita', 'jovita',
       'jovita', 'jovita', 'jovita', 'jovita', 'jovita', 'jovita',
       'jovita', 'jovita', 'jovita', 'jovita', 'jovita', 'jovita',
       'jovita', 'jovita', 'jovita', 'jovita', 'jovita', 'jovita',
       'jovita', 'jovita', 'jovita', 'jovita', 'jovita', 'jovita',
       'jovita', 'jovita', 'jovita', 'jovita', 'jovita', 'jovita',
       'jovita', 'jovita', 'jovita', 'jovita', 'jovita', 'jovita',
       'jovita', 'jovita', 'jovita', 'jovita', 'jovita', 'jovita',
       'jovita', 'jovita', 'jovita', 'jovita', 'jovita', 'jovita',
       'jovita', 'jovita', 'jovita', 'jovita', 'jovita', 'jovita',
       'jovita', 'jovita', 'jovita', 'jovita', 'jovita', 'jovita',
       'jovita', 'jovita', 'jovita', 'jovita', 'jovita', 'jovita',
       'jovita', 'jovita', 'jovita', 'jovita', 'jovita', 'jovita',
       'jovita', 'jovita', 'jovita', 'jovita', 'jovita', 'jovita',
       'jovita', 'jovita', 'jovita', 'jovita', 'jovita', 'jovita',
       'jovita', 'jovita', 'nathan', 'nathan', 'nathan', 'nathan',
       'nathan', 'nathan', 'nathan', 'nathan', 'nathan', 'nathan',
       'nathan', 'nathan', 'nathan', 'nathan', 'nathan', 'nathan',
       'nathan', 'nathan', 'nathan', 'nathan', 'nathan', 'nathan',
       'nathan', 'nathan', 'nathan', 'nathan', 'nathan', 'nathan',
       'nathan', 'nathan', 'nathan', 'nathan', 'nathan', 'nathan',
       'nathan', 'nathan', 'nathan', 'nathan', 'nathan', 'nathan',
       'nathan', 'nathan', 'nathan', 'nathan', 'nathan', 'nathan',
       'nathan', 'nathan', 'nathan', 'nathan', 'nathan', 'nathan',
       'nathan', 'nathan', 'nathan', 'nathan', 'nathan', 'nathan',
       'nathan', 'nathan', 'nathan', 'nathan', 'nathan', 'nathan',
       'nathan', 'nathan', 'nathan', 'nathan', 'nathan', 'nathan',
       'nathan', 'nathan', 'nathan', 'nathan', 'nathan', 'nathan',
       'nathan', 'nathan', 'nathan', 'nathan', 'nathan', 'nathan',
       'nathan', 'nathan', 'nathan', 'nathan', 'nathan', 'nathan',
       'prayogi', 'prayogi', 'prayogi', 'prayogi', 'prayogi', 'prayogi',
       'prayogi', 'prayogi', 'prayogi', 'prayogi', 'prayogi', 'prayogi',
       'prayogi', 'prayogi', 'prayogi', 'prayogi', 'prayogi', 'prayogi',
       'prayogi', 'prayogi', 'prayogi', 'prayogi', 'prayogi', 'prayogi',
       'prayogi', 'prayogi', 'prayogi', 'prayogi', 'prayogi', 'prayogi',
       'prayogi', 'prayogi', 'prayogi', 'prayogi', 'prayogi', 'prayogi',
       'prayogi', 'prayogi', 'prayogi', 'prayogi', 'prayogi', 'prayogi',
       'prayogi', 'prayogi', 'prayogi', 'prayogi', 'prayogi', 'prayogi',
       'prayogi', 'prayogi', 'prayogi', 'prayogi', 'prayogi', 'prayogi',
       'prayogi', 'prayogi', 'prayogi', 'prayogi', 'prayogi', 'prayogi',
       'prayogi', 'prayogi', 'prayogi', 'prayogi', 'prayogi', 'prayogi',
       'prayogi', 'prayogi', 'prayogi', 'prayogi', 'prayogi', 'prayogi',
       'prayogi', 'prayogi', 'prayogi', 'prayogi', 'prayogi', 'prayogi',
       'prayogi', 'prayogi', 'prayogi', 'prayogi', 'prayogi', 'prayogi',
       'prayogi', 'prayogi', 'prayogi', 'prayogi', 'rizqi', 'rizqi',
       'rizqi', 'rizqi', 'rizqi', 'rizqi', 'rizqi', 'rizqi', 'rizqi',
       'rizqi', 'rizqi', 'rizqi', 'rizqi', 'rizqi', 'rizqi', 'rizqi',
       'rizqi', 'rizqi', 'rizqi', 'rizqi', 'rizqi', 'rizqi', 'rizqi',
       'rizqi', 'rizqi', 'rizqi', 'rizqi', 'rizqi', 'rizqi', 'rizqi',
       'rizqi', 'rizqi', 'rizqi', 'rizqi', 'rizqi', 'rizqi', 'rizqi',
       'rizqi', 'rizqi', 'rizqi', 'rizqi', 'rizqi', 'rizqi', 'rizqi',
       'rizqi', 'rizqi', 'rizqi', 'rizqi', 'rizqi', 'rizqi', 'rizqi',
       'rizqi', 'rizqi', 'rizqi', 'rizqi', 'rizqi', 'rizqi', 'rizqi',
       'rizqi', 'rizqi', 'rizqi', 'rizqi', 'rizqi', 'rizqi', 'rizqi',
       'rizqi', 'rizqi', 'rizqi', 'rizqi', 'rizqi', 'rizqi', 'rizqi',
       'rizqi', 'rizqi', 'rizqi', 'rizqi', 'rizqi', 'rizqi', 'rizqi',
       'rizqi', 'rizqi', 'rizqi', 'rizqi', 'rizqi', 'rizqi', 'rizqi',
       'rizqi', 'rizqi'], dtype=object), 'features': ['nn_count', 'nn_mean', 'nn_min', 'sdsd', 'rmssd', 'pnn20', 'lf_power', 'hf_peak']}"
best_4feat,hyperparameter_optimized,rbf,"{'svm__C': 1, 'svm__gamma': 'scale'}","nn_min, pnn20, lf_power, hf_norm",4,0.6818,0.6818181818181818,1.8181818181806086e-05,0.0018181818181806086,"{'X': array([[675.53      ,  44.73684211, 303.77746562,  50.90513398],
       [712.045     ,  40.54054054, 173.25579305,  61.90574544],
       [712.045     ,  40.54054054, 147.06497078,  65.78525768],
       ...,
       [491.243     ,  41.66666667, 157.66746737,  52.48171607],
       [491.243     ,  43.75      , 135.37274258,  58.96692521],
       [491.243     ,  43.75      , 107.20956042,  66.26963917]]), 'y': array([1, 1, 1, 1, 1, 1, 1, 1, 1, 1, 1, 0, 0, 0, 0, 0, 0, 0, 0, 0, 0, 0,
       1, 1, 1, 1, 1, 1, 1, 1, 1, 1, 1, 0, 0, 0, 0, 0, 0, 0, 0, 0, 0, 0,
       1, 1, 1, 1, 1, 1, 1, 1, 1, 1, 1, 0, 0, 0, 0, 0, 0, 0, 0, 0, 0, 0,
       1, 1, 1, 1, 1, 1, 1, 1, 1, 1, 1, 0, 0, 0, 0, 0, 0, 0, 0, 0, 0, 0,
       1, 1, 1, 1, 1, 1, 1, 1, 1, 1, 1, 0, 0, 0, 0, 0, 0, 0, 0, 0, 0, 0,
       1, 1, 1, 1, 1, 1, 1, 1, 1, 1, 1, 0, 0, 0, 0, 0, 0, 0, 0, 0, 0, 0,
       1, 1, 1, 1, 1, 1, 1, 1, 1, 1, 1, 0, 0, 0, 0, 0, 0, 0, 0, 0, 0, 0,
       1, 1, 1, 1, 1, 1, 1, 1, 1, 1, 1, 0, 0, 0, 0, 0, 0, 0, 0, 0, 0, 0,
       1, 1, 1, 1, 1, 1, 1, 1, 1, 1, 1, 0, 0, 0, 0, 0, 0, 0, 0, 0, 0, 0,
       1, 1, 1, 1, 1, 1, 1, 1, 1, 1, 1, 0, 0, 0, 0, 0, 0, 0, 0, 0, 0, 0,
       1, 1, 1, 1, 1, 1, 1, 1, 1, 1, 1, 0, 0, 0, 0, 0, 0, 0, 0, 0, 0, 0,
       1, 1, 1, 1, 1, 1, 1, 1, 1, 1, 1, 0, 0, 0, 0, 0, 0, 0, 0, 0, 0, 0,
       1, 1, 1, 1, 1, 1, 1, 1, 1, 1, 1, 0, 0, 0, 0, 0, 0, 0, 0, 0, 0, 0,
       1, 1, 1, 1, 1, 1, 1, 1, 1, 1, 1, 0, 0, 0, 0, 0, 0, 0, 0, 0, 0, 0,
       1, 1, 1, 1, 1, 1, 1, 1, 1, 1, 1, 0, 0, 0, 0, 0, 0, 0, 0, 0, 0, 0,
       1, 1, 1, 1, 1, 1, 1, 1, 1, 1, 1, 0, 0, 0, 0, 0, 0, 0, 0, 0, 0, 0,
       1, 1, 1, 1, 1, 1, 1, 1, 1, 1, 1, 0, 0, 0, 0, 0, 0, 0, 0, 0, 0, 0,
       1, 1, 1, 1, 1, 1, 1, 1, 1, 1, 1, 0, 0, 0, 0, 0, 0, 0, 0, 0, 0, 0,
       1, 1, 1, 1, 1, 1, 1, 1, 1, 1, 1, 0, 0, 0, 0, 0, 0, 0, 0, 0, 0, 0,
       1, 1, 1, 1, 1, 1, 1, 1, 1, 1, 1, 0, 0, 0, 0, 0, 0, 0, 0, 0, 0, 0,
       1, 1, 1, 1, 1, 1, 1, 1, 1, 1, 1, 0, 0, 0, 0, 0, 0, 0, 0, 0, 0, 0,
       1, 1, 1, 1, 1, 1, 1, 1, 1, 1, 1, 0, 0, 0, 0, 0, 0, 0, 0, 0, 0, 0,
       1, 1, 1, 1, 1, 1, 1, 1, 1, 1, 1, 0, 0, 0, 0, 0, 0, 0, 0, 0, 0, 0,
       1, 1, 1, 1, 1, 1, 1, 1, 1, 1, 1, 0, 0, 0, 0, 0, 0, 0, 0, 0, 0, 0,
       1, 1, 1, 1, 1, 1, 1, 1, 1, 1, 1, 0, 0, 0, 0, 0, 0, 0, 0, 0, 0, 0,
       1, 1, 1, 1, 1, 1, 1, 1, 1, 1, 1, 0, 0, 0, 0, 0, 0, 0, 0, 0, 0, 0,
       1, 1, 1, 1, 1, 1, 1, 1, 1, 1, 1, 0, 0, 0, 0, 0, 0, 0, 0, 0, 0, 0,
       1, 1, 1, 1, 1, 1, 1, 1, 1, 1, 1, 0, 0, 0, 0, 0, 0, 0, 0, 0, 0, 0,
       1, 1, 1, 1, 1, 1, 1, 1, 1, 1, 1, 0, 0, 0, 0, 0, 0, 0, 0, 0, 0, 0,
       1, 1, 1, 1, 1, 1, 1, 1, 1, 1, 1, 0, 0, 0, 0, 0, 0, 0, 0, 0, 0, 0,
       1, 1, 1, 1, 1, 1, 1, 1, 1, 1, 1, 0, 0, 0, 0, 0, 0, 0, 0, 0, 0, 0,
       1, 1, 1, 1, 1, 1, 1, 1, 1, 1, 1, 0, 0, 0, 0, 0, 0, 0, 0, 0, 0, 0,
       1, 1, 1, 1, 1, 1, 1, 1, 1, 1, 1, 0, 0, 0, 0, 0, 0, 0, 0, 0, 0, 0,
       1, 1, 1, 1, 1, 1, 1, 1, 1, 1, 1, 0, 0, 0, 0, 0, 0, 0, 0, 0, 0, 0,
       1, 1, 1, 1, 1, 1, 1, 1, 1, 1, 1, 0, 0, 0, 0, 0, 0, 0, 0, 0, 0, 0,
       1, 1, 1, 1, 1, 1, 1, 1, 1, 1, 1, 0, 0, 0, 0, 0, 0, 0, 0, 0, 0, 0,
       1, 1, 1, 1, 1, 1, 1, 1, 1, 1, 1, 0, 0, 0, 0, 0, 0, 0, 0, 0, 0, 0,
       1, 1, 1, 1, 1, 1, 1, 1, 1, 1, 1, 0, 0, 0, 0, 0, 0, 0, 0, 0, 0, 0,
       1, 1, 1, 1, 1, 1, 1, 1, 1, 1, 1, 0, 0, 0, 0, 0, 0, 0, 0, 0, 0, 0,
       1, 1, 1, 1, 1, 1, 1, 1, 1, 1, 1, 0, 0, 0, 0, 0, 0, 0, 0, 0, 0, 0],
      dtype=int64), 'groups': array(['bayu', 'bayu', 'bayu', 'bayu', 'bayu', 'bayu', 'bayu', 'bayu',
       'bayu', 'bayu', 'bayu', 'bayu', 'bayu', 'bayu', 'bayu', 'bayu',
       'bayu', 'bayu', 'bayu', 'bayu', 'bayu', 'bayu', 'bayu', 'bayu',
       'bayu', 'bayu', 'bayu', 'bayu', 'bayu', 'bayu', 'bayu', 'bayu',
       'bayu', 'bayu', 'bayu', 'bayu', 'bayu', 'bayu', 'bayu', 'bayu',
       'bayu', 'bayu', 'bayu', 'bayu', 'bayu', 'bayu', 'bayu', 'bayu',
       'bayu', 'bayu', 'bayu', 'bayu', 'bayu', 'bayu', 'bayu', 'bayu',
       'bayu', 'bayu', 'bayu', 'bayu', 'bayu', 'bayu', 'bayu', 'bayu',
       'bayu', 'bayu', 'bayu', 'bayu', 'bayu', 'bayu', 'bayu', 'bayu',
       'bayu', 'bayu', 'bayu', 'bayu', 'bayu', 'bayu', 'bayu', 'bayu',
       'bayu', 'bayu', 'bayu', 'bayu', 'bayu', 'bayu', 'bayu', 'bayu',
       'desta', 'desta', 'desta', 'desta', 'desta', 'desta', 'desta',
       'desta', 'desta', 'desta', 'desta', 'desta', 'desta', 'desta',
       'desta', 'desta', 'desta', 'desta', 'desta', 'desta', 'desta',
       'desta', 'desta', 'desta', 'desta', 'desta', 'desta', 'desta',
       'desta', 'desta', 'desta', 'desta', 'desta', 'desta', 'desta',
       'desta', 'desta', 'desta', 'desta', 'desta', 'desta', 'desta',
       'desta', 'desta', 'desta', 'desta', 'desta', 'desta', 'desta',
       'desta', 'desta', 'desta', 'desta', 'desta', 'desta', 'desta',
       'desta', 'desta', 'desta', 'desta', 'desta', 'desta', 'desta',
       'desta', 'desta', 'desta', 'desta', 'desta', 'desta', 'desta',
       'desta', 'desta', 'desta', 'desta', 'desta', 'desta', 'desta',
       'desta', 'desta', 'desta', 'desta', 'desta', 'desta', 'desta',
       'desta', 'desta', 'desta', 'desta', 'dewi', 'dewi', 'dewi', 'dewi',
       'dewi', 'dewi', 'dewi', 'dewi', 'dewi', 'dewi', 'dewi', 'dewi',
       'dewi', 'dewi', 'dewi', 'dewi', 'dewi', 'dewi', 'dewi', 'dewi',
       'dewi', 'dewi', 'dewi', 'dewi', 'dewi', 'dewi', 'dewi', 'dewi',
       'dewi', 'dewi', 'dewi', 'dewi', 'dewi', 'dewi', 'dewi', 'dewi',
       'dewi', 'dewi', 'dewi', 'dewi', 'dewi', 'dewi', 'dewi', 'dewi',
       'dewi', 'dewi', 'dewi', 'dewi', 'dewi', 'dewi', 'dewi', 'dewi',
       'dewi', 'dewi', 'dewi', 'dewi', 'dewi', 'dewi', 'dewi', 'dewi',
       'dewi', 'dewi', 'dewi', 'dewi', 'dewi', 'dewi', 'dewi', 'dewi',
       'dewi', 'dewi', 'dewi', 'dewi', 'dewi', 'dewi', 'dewi', 'dewi',
       'dewi', 'dewi', 'dewi', 'dewi', 'dewi', 'dewi', 'dewi', 'dewi',
       'dewi', 'dewi', 'dewi', 'dewi', 'esty', 'esty', 'esty', 'esty',
       'esty', 'esty', 'esty', 'esty', 'esty', 'esty', 'esty', 'esty',
       'esty', 'esty', 'esty', 'esty', 'esty', 'esty', 'esty', 'esty',
       'esty', 'esty', 'esty', 'esty', 'esty', 'esty', 'esty', 'esty',
       'esty', 'esty', 'esty', 'esty', 'esty', 'esty', 'esty', 'esty',
       'esty', 'esty', 'esty', 'esty', 'esty', 'esty', 'esty', 'esty',
       'esty', 'esty', 'esty', 'esty', 'esty', 'esty', 'esty', 'esty',
       'esty', 'esty', 'esty', 'esty', 'esty', 'esty', 'esty', 'esty',
       'esty', 'esty', 'esty', 'esty', 'esty', 'esty', 'esty', 'esty',
       'esty', 'esty', 'esty', 'esty', 'esty', 'esty', 'esty', 'esty',
       'esty', 'esty', 'esty', 'esty', 'esty', 'esty', 'esty', 'esty',
       'esty', 'esty', 'esty', 'esty', 'hilmi', 'hilmi', 'hilmi', 'hilmi',
       'hilmi', 'hilmi', 'hilmi', 'hilmi', 'hilmi', 'hilmi', 'hilmi',
       'hilmi', 'hilmi', 'hilmi', 'hilmi', 'hilmi', 'hilmi', 'hilmi',
       'hilmi', 'hilmi', 'hilmi', 'hilmi', 'hilmi', 'hilmi', 'hilmi',
       'hilmi', 'hilmi', 'hilmi', 'hilmi', 'hilmi', 'hilmi', 'hilmi',
       'hilmi', 'hilmi', 'hilmi', 'hilmi', 'hilmi', 'hilmi', 'hilmi',
       'hilmi', 'hilmi', 'hilmi', 'hilmi', 'hilmi', 'hilmi', 'hilmi',
       'hilmi', 'hilmi', 'hilmi', 'hilmi', 'hilmi', 'hilmi', 'hilmi',
       'hilmi', 'hilmi', 'hilmi', 'hilmi', 'hilmi', 'hilmi', 'hilmi',
       'hilmi', 'hilmi', 'hilmi', 'hilmi', 'hilmi', 'hilmi', 'hilmi',
       'hilmi', 'hilmi', 'hilmi', 'hilmi', 'hilmi', 'hilmi', 'hilmi',
       'hilmi', 'hilmi', 'hilmi', 'hilmi', 'hilmi', 'hilmi', 'hilmi',
       'hilmi', 'hilmi', 'hilmi', 'hilmi', 'hilmi', 'hilmi', 'hilmi',
       'irsyad', 'irsyad', 'irsyad', 'irsyad', 'irsyad', 'irsyad',
       'irsyad', 'irsyad', 'irsyad', 'irsyad', 'irsyad', 'irsyad',
       'irsyad', 'irsyad', 'irsyad', 'irsyad', 'irsyad', 'irsyad',
       'irsyad', 'irsyad', 'irsyad', 'irsyad', 'irsyad', 'irsyad',
       'irsyad', 'irsyad', 'irsyad', 'irsyad', 'irsyad', 'irsyad',
       'irsyad', 'irsyad', 'irsyad', 'irsyad', 'irsyad', 'irsyad',
       'irsyad', 'irsyad', 'irsyad', 'irsyad', 'irsyad', 'irsyad',
       'irsyad', 'irsyad', 'irsyad', 'irsyad', 'irsyad', 'irsyad',
       'irsyad', 'irsyad', 'irsyad', 'irsyad', 'irsyad', 'irsyad',
       'irsyad', 'irsyad', 'irsyad', 'irsyad', 'irsyad', 'irsyad',
       'irsyad', 'irsyad', 'irsyad', 'irsyad', 'irsyad', 'irsyad',
       'irsyad', 'irsyad', 'irsyad', 'irsyad', 'irsyad', 'irsyad',
       'irsyad', 'irsyad', 'irsyad', 'irsyad', 'irsyad', 'irsyad',
       'irsyad', 'irsyad', 'irsyad', 'irsyad', 'irsyad', 'irsyad',
       'irsyad', 'irsyad', 'irsyad', 'irsyad', 'jovita', 'jovita',
       'jovita', 'jovita', 'jovita', 'jovita', 'jovita', 'jovita',
       'jovita', 'jovita', 'jovita', 'jovita', 'jovita', 'jovita',
       'jovita', 'jovita', 'jovita', 'jovita', 'jovita', 'jovita',
       'jovita', 'jovita', 'jovita', 'jovita', 'jovita', 'jovita',
       'jovita', 'jovita', 'jovita', 'jovita', 'jovita', 'jovita',
       'jovita', 'jovita', 'jovita', 'jovita', 'jovita', 'jovita',
       'jovita', 'jovita', 'jovita', 'jovita', 'jovita', 'jovita',
       'jovita', 'jovita', 'jovita', 'jovita', 'jovita', 'jovita',
       'jovita', 'jovita', 'jovita', 'jovita', 'jovita', 'jovita',
       'jovita', 'jovita', 'jovita', 'jovita', 'jovita', 'jovita',
       'jovita', 'jovita', 'jovita', 'jovita', 'jovita', 'jovita',
       'jovita', 'jovita', 'jovita', 'jovita', 'jovita', 'jovita',
       'jovita', 'jovita', 'jovita', 'jovita', 'jovita', 'jovita',
       'jovita', 'jovita', 'jovita', 'jovita', 'jovita', 'jovita',
       'jovita', 'jovita', 'nathan', 'nathan', 'nathan', 'nathan',
       'nathan', 'nathan', 'nathan', 'nathan', 'nathan', 'nathan',
       'nathan', 'nathan', 'nathan', 'nathan', 'nathan', 'nathan',
       'nathan', 'nathan', 'nathan', 'nathan', 'nathan', 'nathan',
       'nathan', 'nathan', 'nathan', 'nathan', 'nathan', 'nathan',
       'nathan', 'nathan', 'nathan', 'nathan', 'nathan', 'nathan',
       'nathan', 'nathan', 'nathan', 'nathan', 'nathan', 'nathan',
       'nathan', 'nathan', 'nathan', 'nathan', 'nathan', 'nathan',
       'nathan', 'nathan', 'nathan', 'nathan', 'nathan', 'nathan',
       'nathan', 'nathan', 'nathan', 'nathan', 'nathan', 'nathan',
       'nathan', 'nathan', 'nathan', 'nathan', 'nathan', 'nathan',
       'nathan', 'nathan', 'nathan', 'nathan', 'nathan', 'nathan',
       'nathan', 'nathan', 'nathan', 'nathan', 'nathan', 'nathan',
       'nathan', 'nathan', 'nathan', 'nathan', 'nathan', 'nathan',
       'nathan', 'nathan', 'nathan', 'nathan', 'nathan', 'nathan',
       'prayogi', 'prayogi', 'prayogi', 'prayogi', 'prayogi', 'prayogi',
       'prayogi', 'prayogi', 'prayogi', 'prayogi', 'prayogi', 'prayogi',
       'prayogi', 'prayogi', 'prayogi', 'prayogi', 'prayogi', 'prayogi',
       'prayogi', 'prayogi', 'prayogi', 'prayogi', 'prayogi', 'prayogi',
       'prayogi', 'prayogi', 'prayogi', 'prayogi', 'prayogi', 'prayogi',
       'prayogi', 'prayogi', 'prayogi', 'prayogi', 'prayogi', 'prayogi',
       'prayogi', 'prayogi', 'prayogi', 'prayogi', 'prayogi', 'prayogi',
       'prayogi', 'prayogi', 'prayogi', 'prayogi', 'prayogi', 'prayogi',
       'prayogi', 'prayogi', 'prayogi', 'prayogi', 'prayogi', 'prayogi',
       'prayogi', 'prayogi', 'prayogi', 'prayogi', 'prayogi', 'prayogi',
       'prayogi', 'prayogi', 'prayogi', 'prayogi', 'prayogi', 'prayogi',
       'prayogi', 'prayogi', 'prayogi', 'prayogi', 'prayogi', 'prayogi',
       'prayogi', 'prayogi', 'prayogi', 'prayogi', 'prayogi', 'prayogi',
       'prayogi', 'prayogi', 'prayogi', 'prayogi', 'prayogi', 'prayogi',
       'prayogi', 'prayogi', 'prayogi', 'prayogi', 'rizqi', 'rizqi',
       'rizqi', 'rizqi', 'rizqi', 'rizqi', 'rizqi', 'rizqi', 'rizqi',
       'rizqi', 'rizqi', 'rizqi', 'rizqi', 'rizqi', 'rizqi', 'rizqi',
       'rizqi', 'rizqi', 'rizqi', 'rizqi', 'rizqi', 'rizqi', 'rizqi',
       'rizqi', 'rizqi', 'rizqi', 'rizqi', 'rizqi', 'rizqi', 'rizqi',
       'rizqi', 'rizqi', 'rizqi', 'rizqi', 'rizqi', 'rizqi', 'rizqi',
       'rizqi', 'rizqi', 'rizqi', 'rizqi', 'rizqi', 'rizqi', 'rizqi',
       'rizqi', 'rizqi', 'rizqi', 'rizqi', 'rizqi', 'rizqi', 'rizqi',
       'rizqi', 'rizqi', 'rizqi', 'rizqi', 'rizqi', 'rizqi', 'rizqi',
       'rizqi', 'rizqi', 'rizqi', 'rizqi', 'rizqi', 'rizqi', 'rizqi',
       'rizqi', 'rizqi', 'rizqi', 'rizqi', 'rizqi', 'rizqi', 'rizqi',
       'rizqi', 'rizqi', 'rizqi', 'rizqi', 'rizqi', 'rizqi', 'rizqi',
       'rizqi', 'rizqi', 'rizqi', 'rizqi', 'rizqi', 'rizqi', 'rizqi',
       'rizqi', 'rizqi'], dtype=object), 'features': ['nn_min', 'pnn20', 'lf_power', 'hf_norm']}"
